,Target_Index,Base,Vocabulary,Base_Calibrated,Fine_Tuned,Fine_Tuned_Calibrated,Target
0,317,0.25, A,0.31025641025641026,0.37243589743589745,0.33974358974358976,0.3294871794871795
1,327,0.34807692307692306, C,0.3314102564102564,0.3403846153846154,0.3192307692307692,0.33653846153846156
2,347,0.40192307692307694, B,0.35833333333333334,0.28717948717948716,0.34102564102564104,0.33397435897435895
