,Target_Index,Base,Vocabulary,Base_Calibrated,Fine_Tuned,Fine_Tuned_Calibrated,Target
0,317,0.09375, A,0.22125,0.09,0.24125,0.24
1,327,0.2875, C,0.25,0.11125,0.20125,0.24625
2,347,0.345, B,0.35375,0.355,0.28375,0.2625
3,360,0.27375, D,0.175,0.44375,0.27375,0.25125
