,Target_Index,Base,Vocabulary,Base_Calibrated,Fine_Tuned,Fine_Tuned_Calibrated,Target
0,317,0.2975, A,0.20625,0.145,0.24375,0.24
1,327,0.3175, C,0.28625,0.25,0.23125,0.24625
2,347,0.23875, B,0.25875,0.2525,0.21875,0.2625
3,360,0.14625, D,0.24875,0.3525,0.30625,0.25125
