,Target_Index,Base,Vocabulary,Base_Calibrated,Fine_Tuned,Fine_Tuned_Calibrated,Target
0,317,0.25961538461538464, A,0.38974358974358975,0.38461538461538464,0.36730769230769234,0.32884615384615384
1,327,0.34294871794871795, C,0.2923076923076923,0.3346153846153846,0.29294871794871796,0.33653846153846156
2,347,0.3974358974358974, B,0.31794871794871793,0.28076923076923077,0.33974358974358976,0.3346153846153846
