,Target_Index,Base,Vocabulary,Base_Calibrated,Fine_Tuned,Fine_Tuned_Calibrated,Target
0,317,0.09375, A,0.20875,0.10125,0.27625,0.24
1,327,0.285, C,0.24625,0.11875,0.2075,0.24625
2,347,0.3425, B,0.33625,0.34625,0.305,0.2625
3,360,0.27875, D,0.20875,0.43375,0.21125,0.25125
