,Target_Index,Base,Vocabulary,Base_Calibrated,Fine_Tuned,Fine_Tuned_Calibrated,Target
0,317,0.3075, A,0.26125,0.14125,0.22375,0.24
1,327,0.315, C,0.265,0.25,0.26625,0.24625
2,347,0.2275, B,0.22875,0.275,0.29,0.2625
3,360,0.15, D,0.245,0.33375,0.22,0.25125
