,Target_Index,Base,Vocabulary,Base_Calibrated,Fine_Tuned,Fine_Tuned_Calibrated,Target
0,317,0.36538461538461536, A,0.35,0.3455128205128205,0.32884615384615384,0.3294871794871795
1,327,0.3153846153846154, C,0.3487179487179487,0.2782051282051282,0.3032051282051282,0.33653846153846156
2,347,0.3192307692307692, B,0.30128205128205127,0.3762820512820513,0.367948717948718,0.33397435897435895
