,Target_Index,Base,Vocabulary,Base_Calibrated,Fine_Tuned,Fine_Tuned_Calibrated,Target
0,317,0.31, A,0.27125,0.13125,0.19625,0.24
1,327,0.305, C,0.19875,0.2425,0.225,0.24625
2,347,0.24125, B,0.295,0.28,0.30375,0.2625
3,360,0.14375, D,0.235,0.34625,0.275,0.25125
