,Target_Index,Base,Vocabulary,Base_Calibrated,Fine_Tuned,Fine_Tuned_Calibrated,Target
0,317,0.08625, A,0.165,0.09875,0.21375,0.24
1,327,0.28125, C,0.23125,0.12125,0.20875,0.24625
2,347,0.35125, B,0.33875,0.3575,0.3075,0.2625
3,360,0.28125, D,0.265,0.4225,0.27,0.25125
