,Target_Index,Base,Vocabulary,Base_Calibrated,Fine_Tuned,Fine_Tuned_Calibrated,Target
0,317,0.358974358974359, A,0.33653846153846156,0.3474358974358974,0.33525641025641023,0.3294871794871795
1,327,0.30448717948717946, C,0.30256410256410254,0.28974358974358977,0.33397435897435895,0.33653846153846156
2,347,0.33653846153846156, B,0.3608974358974359,0.3628205128205128,0.33076923076923076,0.33397435897435895
