,Target_Index,Base,Vocabulary,Base_Calibrated,Fine_Tuned,Fine_Tuned_Calibrated,Target
0,317,0.25448717948717947, A,0.3608974358974359,0.38269230769230766,0.3993589743589744,0.32884615384615384
1,327,0.3467948717948718, C,0.30641025641025643,0.33589743589743587,0.2967948717948718,0.33653846153846156
2,347,0.39871794871794874, B,0.3326923076923077,0.2814102564102564,0.3038461538461538,0.3346153846153846
