,Target_Index,Base,Vocabulary,Base_Calibrated,Fine_Tuned,Fine_Tuned_Calibrated,Target
0,317,0.36730769230769234, A,0.3403846153846154,0.3532051282051282,0.36538461538461536,0.32884615384615384
1,327,0.3108974358974359, C,0.32884615384615384,0.28205128205128205,0.30512820512820515,0.33653846153846156
2,347,0.3217948717948718, B,0.33076923076923076,0.3647435897435897,0.3294871794871795,0.3346153846153846
