,Target_Index,Base,Vocabulary,Base_Calibrated,Fine_Tuned,Fine_Tuned_Calibrated,Target
0,317,0.30125, A,0.2125,0.13625,0.18625,0.24
1,327,0.31, C,0.2425,0.2425,0.20125,0.24625
2,347,0.24, B,0.2775,0.27875,0.30875,0.2625
3,360,0.14875, D,0.2675,0.3425,0.30375,0.25125
