,Target_Index,Base,Vocabulary,Base_Calibrated,Fine_Tuned,Fine_Tuned_Calibrated,Target
0,317,0.0925, A,0.1875,0.08875,0.18875,0.24
1,327,0.28625, C,0.2525,0.12375,0.22375,0.24625
2,347,0.32875, B,0.32625,0.35875,0.34,0.2625
3,360,0.2925, D,0.23375,0.42875,0.2475,0.25125
