,model,base/fine tuned,dataset_name,overall_perf,overall_perf_after_cal,cal_loss,rel_cal_loss
0,phi-2,base,HellaSwag,1.0358254,0.9008110296033219,0.1350143421389266,13.034469498640851
1,phi-2,fine-tuned,HellaSwag,0.77792823,0.756801358087001,0.021126875059666483,2.715787158695821
