,model,base/fine tuned,dataset_name,overall_perf,overall_perf_after_cal,cal_loss,rel_cal_loss
0,phi-2,base,HellaSwag,1.0382156,0.9043232183767229,0.13389241883030834,12.896397822566101
1,phi-2,fine-tuned,HellaSwag,0.7709626,0.7530472730054594,0.01791532293417686,2.3237603261857296
