,model,base/fine tuned,dataset_name,overall_perf,overall_perf_after_cal,cal_loss,rel_cal_loss
0,phi-1.5,base,HellaSwag,0.997948,0.9488043724098406,0.049143618484477014,4.924466899365831
1,phi-1.5,fine-tuned,HellaSwag,0.9750017,0.9627583635317432,0.012243329240168466,1.2557238957566226
