,model,base/fine tuned,dataset_name,overall_perf,overall_perf_after_cal,cal_loss,rel_cal_loss
0,phi-1.5,base,SocialIQA,0.9412126,0.8087853659807794,0.13242722852834532,14.06985300673869
1,phi-1.5,fine-tuned,SocialIQA,0.8064316,0.7804513686373972,0.025980222873375536,3.221627618122458
