,model,base/fine tuned,dataset_name,overall_perf,overall_perf_after_cal,cal_loss,rel_cal_loss
0,phi-1.5,base,HellaSwag,1.003114,0.9533932758768264,0.04972070918481908,4.956636027934905
1,phi-1.5,fine-tuned,HellaSwag,0.97729355,0.9681342929182161,0.0091592580499541,0.9372064351473871
