,model,base/fine tuned,dataset_name,overall_perf,overall_perf_after_cal,cal_loss,rel_cal_loss
0,phi-1.5,base,SocialIQA,0.93542653,0.8026752552977848,0.13275127792441366,14.191523674995041
1,phi-1.5,fine-tuned,SocialIQA,0.78902745,0.7713373554506089,0.017690097018263184,2.2420128682355416
