,model,base/fine tuned,dataset_name,overall_perf,overall_perf_after_cal,cal_loss,rel_cal_loss
0,phi-1.5,base,SocialIQA,0.9266589,0.7964458718073677,0.13021305658694993,14.05188603886638
1,phi-1.5,fine-tuned,SocialIQA,0.8140225,0.7887721750726963,0.025250306368801545,3.101917569166821
