,model,base/fine tuned,dataset_name,overall_perf,overall_perf_after_cal,cal_loss,rel_cal_loss
0,phi-2,base,SocialIQA,0.7931322,0.709297363471959,0.08383482246401508,10.570094613558235
1,phi-2,fine-tuned,SocialIQA,0.6010572,0.5862779751085799,0.014779196713014309,2.458867043915927
