,model,base/fine tuned,dataset_name,overall_perf,overall_perf_after_cal,cal_loss,rel_cal_loss
0,phi-2,base,SocialIQA,0.79970217,0.7110002763781105,0.08870189113287585,11.0918657891042
1,phi-2,fine-tuned,SocialIQA,0.6018654,0.587746963625233,0.014118447179515492,2.345781453138809
