,model,base/fine tuned,dataset_name,overall_perf,overall_perf_after_cal,cal_loss,rel_cal_loss
0,phi-1.5,base,HellaSwag,1.011293,0.966042300065483,0.04525075356153119,4.474544089790673
1,phi-1.5,fine-tuned,HellaSwag,0.98074496,0.973045574651926,0.007699383271963178,0.785054586287324
