,model,base/fine tuned,dataset_name,overall_perf,overall_perf_after_cal,cal_loss,rel_cal_loss
0,phi-2,base,SocialIQA,0.80400664,0.7168096030999017,0.087197033042829,10.845312603532966
1,phi-2,fine-tuned,SocialIQA,0.5889168,0.5801633201355515,0.008753458428901628,1.486365942950226
