,Target_Index,Base,Vocabulary,Base_Calibrated,Fine_Tuned,Fine_Tuned_Calibrated,Target
0,317,0.36025641025641025, A,0.33782051282051284,0.3435897435897436,0.3301282051282051,0.32884615384615384
1,327,0.30512820512820515, C,0.3282051282051282,0.28910256410256413,0.33076923076923076,0.33653846153846156
2,347,0.3346153846153846, B,0.33397435897435895,0.36730769230769234,0.3391025641025641,0.3346153846153846
