,Target_Index,Base,Vocabulary,Base_Calibrated,Fine_Tuned,Fine_Tuned_Calibrated,Target
0,317,0.258974358974359, A,0.38269230769230766,0.3769230769230769,0.34423076923076923,0.3294871794871795
1,327,0.35192307692307695, C,0.32371794871794873,0.33974358974358976,0.33076923076923076,0.33653846153846156
2,347,0.3891025641025641, B,0.2935897435897436,0.2833333333333333,0.325,0.33397435897435895
